month,object_id,Awarded Value
2020_02,122.0,186680360.66
2020_02,134.0,151443319.07999998
2020_02,160.0,26874847.59
2020_02,162.0,60527901.0
2020_02,163.0,63234893.74
2020_02,189.0,33038351.47
2020_02,211.0,98823079.01
2020_02,219.0,375350501.45
2020_02,226.0,213959215.41
2020_02,239.0,132483521.05000001
2020_02,247.0,5285943.0
2020_02,262.0,112688153.61
2020_02,276.0,154683183.74
